,l2,dropout,method,accuracy_train_mean,accuracy_test_mean,f1_train_mean,f1_test_mean
0,0,0,SGD,0.6069433391094208,0.5876720547676086,0.4629519085548057,0.4392750711154344
