,l2,dropout,method,accuracy_train_mean,accuracy_test_mean,f1_train_mean,f1_test_mean
0,0,0,SGD,0.44563986361026764,0.43644067645072937,0.08313133618371879,0.08146987608602763
